product_id,product_name,description
1,Product 1,A lightweight laptop suitable for productivity and entertainment.
2,Product 2,A high-performance smartphone with a large screen and fast processor.
3,Product 3,A lightweight laptop suitable for productivity and entertainment.
4,Product 4,A high-performance smartphone with a large screen and fast processor.
5,Product 5,A lightweight laptop suitable for productivity and entertainment.
6,Product 6,A high-performance smartphone with a large screen and fast processor.
7,Product 7,A lightweight laptop suitable for productivity and entertainment.
8,Product 8,A high-performance smartphone with a large screen and fast processor.
9,Product 9,A lightweight laptop suitable for productivity and entertainment.
10,Product 10,A high-performance smartphone with a large screen and fast processor.
11,Product 11,A lightweight laptop suitable for productivity and entertainment.
12,Product 12,A high-performance smartphone with a large screen and fast processor.
13,Product 13,A lightweight laptop suitable for productivity and entertainment.
14,Product 14,A high-performance smartphone with a large screen and fast processor.
15,Product 15,A lightweight laptop suitable for productivity and entertainment.
16,Product 16,A high-performance smartphone with a large screen and fast processor.
17,Product 17,A lightweight laptop suitable for productivity and entertainment.
18,Product 18,A high-performance smartphone with a large screen and fast processor.
19,Product 19,A lightweight laptop suitable for productivity and entertainment.
20,Product 20,A high-performance smartphone with a large screen and fast processor.
21,Product 21,A lightweight laptop suitable for productivity and entertainment.
22,Product 22,A high-performance smartphone with a large screen and fast processor.
23,Product 23,A lightweight laptop suitable for productivity and entertainment.
24,Product 24,A high-performance smartphone with a large screen and fast processor.
25,Product 25,A lightweight laptop suitable for productivity and entertainment.
26,Product 26,A high-performance smartphone with a large screen and fast processor.
27,Product 27,A lightweight laptop suitable for productivity and entertainment.
28,Product 28,A high-performance smartphone with a large screen and fast processor.
29,Product 29,A lightweight laptop suitable for productivity and entertainment.
30,Product 30,A high-performance smartphone with a large screen and fast processor.
31,Product 31,A lightweight laptop suitable for productivity and entertainment.
32,Product 32,A high-performance smartphone with a large screen and fast processor.
33,Product 33,A lightweight laptop suitable for productivity and entertainment.
34,Product 34,A high-performance smartphone with a large screen and fast processor.
35,Product 35,A lightweight laptop suitable for productivity and entertainment.
36,Product 36,A high-performance smartphone with a large screen and fast processor.
37,Product 37,A lightweight laptop suitable for productivity and entertainment.
38,Product 38,A high-performance smartphone with a large screen and fast processor.
39,Product 39,A lightweight laptop suitable for productivity and entertainment.
40,Product 40,A high-performance smartphone with a large screen and fast processor.
41,Product 41,A lightweight laptop suitable for productivity and entertainment.
42,Product 42,A high-performance smartphone with a large screen and fast processor.
43,Product 43,A lightweight laptop suitable for productivity and entertainment.
44,Product 44,A high-performance smartphone with a large screen and fast processor.
45,Product 45,A lightweight laptop suitable for productivity and entertainment.
46,Product 46,A high-performance smartphone with a large screen and fast processor.
47,Product 47,A lightweight laptop suitable for productivity and entertainment.
48,Product 48,A high-performance smartphone with a large screen and fast processor.
49,Product 49,A lightweight laptop suitable for productivity and entertainment.
50,Product 50,A high-performance smartphone with a large screen and fast processor.
51,Product 51,A lightweight laptop suitable for productivity and entertainment.
52,Product 52,A high-performance smartphone with a large screen and fast processor.
53,Product 53,A lightweight laptop suitable for productivity and entertainment.
54,Product 54,A high-performance smartphone with a large screen and fast processor.
55,Product 55,A lightweight laptop suitable for productivity and entertainment.
56,Product 56,A high-performance smartphone with a large screen and fast processor.
57,Product 57,A lightweight laptop suitable for productivity and entertainment.
58,Product 58,A high-performance smartphone with a large screen and fast processor.
59,Product 59,A lightweight laptop suitable for productivity and entertainment.
60,Product 60,A high-performance smartphone with a large screen and fast processor.
61,Product 61,A lightweight laptop suitable for productivity and entertainment.
62,Product 62,A high-performance smartphone with a large screen and fast processor.
63,Product 63,A lightweight laptop suitable for productivity and entertainment.
64,Product 64,A high-performance smartphone with a large screen and fast processor.
65,Product 65,A lightweight laptop suitable for productivity and entertainment.
66,Product 66,A high-performance smartphone with a large screen and fast processor.
67,Product 67,A lightweight laptop suitable for productivity and entertainment.
68,Product 68,A high-performance smartphone with a large screen and fast processor.
69,Product 69,A lightweight laptop suitable for productivity and entertainment.
70,Product 70,A high-performance smartphone with a large screen and fast processor.
71,Product 71,A lightweight laptop suitable for productivity and entertainment.
72,Product 72,A high-performance smartphone with a large screen and fast processor.
73,Product 73,A lightweight laptop suitable for productivity and entertainment.
74,Product 74,A high-performance smartphone with a large screen and fast processor.
75,Product 75,A lightweight laptop suitable for productivity and entertainment.
76,Product 76,A high-performance smartphone with a large screen and fast processor.
77,Product 77,A lightweight laptop suitable for productivity and entertainment.
78,Product 78,A high-performance smartphone with a large screen and fast processor.
79,Product 79,A lightweight laptop suitable for productivity and entertainment.
80,Product 80,A high-performance smartphone with a large screen and fast processor.
81,Product 81,A lightweight laptop suitable for productivity and entertainment.
82,Product 82,A high-performance smartphone with a large screen and fast processor.
83,Product 83,A lightweight laptop suitable for productivity and entertainment.
84,Product 84,A high-performance smartphone with a large screen and fast processor.
85,Product 85,A lightweight laptop suitable for productivity and entertainment.
86,Product 86,A high-performance smartphone with a large screen and fast processor.
87,Product 87,A lightweight laptop suitable for productivity and entertainment.
88,Product 88,A high-performance smartphone with a large screen and fast processor.
89,Product 89,A lightweight laptop suitable for productivity and entertainment.
90,Product 90,A high-performance smartphone with a large screen and fast processor.
91,Product 91,A lightweight laptop suitable for productivity and entertainment.
92,Product 92,A high-performance smartphone with a large screen and fast processor.
93,Product 93,A lightweight laptop suitable for productivity and entertainment.
94,Product 94,A high-performance smartphone with a large screen and fast processor.
95,Product 95,A lightweight laptop suitable for productivity and entertainment.
96,Product 96,A high-performance smartphone with a large screen and fast processor.
97,Product 97,A lightweight laptop suitable for productivity and entertainment.
98,Product 98,A high-performance smartphone with a large screen and fast processor.
99,Product 99,A lightweight laptop suitable for productivity and entertainment.
100,Product 100,A high-performance smartphone with a large screen and fast processor.
101,Product 101,A lightweight laptop suitable for productivity and entertainment.
102,Product 102,A high-performance smartphone with a large screen and fast processor.
103,Product 103,A lightweight laptop suitable for productivity and entertainment.
104,Product 104,A high-performance smartphone with a large screen and fast processor.
105,Product 105,A lightweight laptop suitable for productivity and entertainment.
106,Product 106,A high-performance smartphone with a large screen and fast processor.
107,Product 107,A lightweight laptop suitable for productivity and entertainment.
108,Product 108,A high-performance smartphone with a large screen and fast processor.
109,Product 109,A lightweight laptop suitable for productivity and entertainment.
110,Product 110,A high-performance smartphone with a large screen and fast processor.
111,Product 111,A lightweight laptop suitable for productivity and entertainment.
112,Product 112,A high-performance smartphone with a large screen and fast processor.
113,Product 113,A lightweight laptop suitable for productivity and entertainment.
114,Product 114,A high-performance smartphone with a large screen and fast processor.
115,Product 115,A lightweight laptop suitable for productivity and entertainment.
116,Product 116,A high-performance smartphone with a large screen and fast processor.
117,Product 117,A lightweight laptop suitable for productivity and entertainment.
118,Product 118,A high-performance smartphone with a large screen and fast processor.
119,Product 119,A lightweight laptop suitable for productivity and entertainment.
120,Product 120,A high-performance smartphone with a large screen and fast processor.
121,Product 121,A lightweight laptop suitable for productivity and entertainment.
122,Product 122,A high-performance smartphone with a large screen and fast processor.
123,Product 123,A lightweight laptop suitable for productivity and entertainment.
124,Product 124,A high-performance smartphone with a large screen and fast processor.
125,Product 125,A lightweight laptop suitable for productivity and entertainment.
126,Product 126,A high-performance smartphone with a large screen and fast processor.
127,Product 127,A lightweight laptop suitable for productivity and entertainment.
128,Product 128,A high-performance smartphone with a large screen and fast processor.
129,Product 129,A lightweight laptop suitable for productivity and entertainment.
130,Product 130,A high-performance smartphone with a large screen and fast processor.
131,Product 131,A lightweight laptop suitable for productivity and entertainment.
132,Product 132,A high-performance smartphone with a large screen and fast processor.
133,Product 133,A lightweight laptop suitable for productivity and entertainment.
134,Product 134,A high-performance smartphone with a large screen and fast processor.
135,Product 135,A lightweight laptop suitable for productivity and entertainment.
136,Product 136,A high-performance smartphone with a large screen and fast processor.
137,Product 137,A lightweight laptop suitable for productivity and entertainment.
138,Product 138,A high-performance smartphone with a large screen and fast processor.
139,Product 139,A lightweight laptop suitable for productivity and entertainment.
140,Product 140,A high-performance smartphone with a large screen and fast processor.
141,Product 141,A lightweight laptop suitable for productivity and entertainment.
142,Product 142,A high-performance smartphone with a large screen and fast processor.
143,Product 143,A lightweight laptop suitable for productivity and entertainment.
144,Product 144,A high-performance smartphone with a large screen and fast processor.
145,Product 145,A lightweight laptop suitable for productivity and entertainment.
146,Product 146,A high-performance smartphone with a large screen and fast processor.
147,Product 147,A lightweight laptop suitable for productivity and entertainment.
148,Product 148,A high-performance smartphone with a large screen and fast processor.
149,Product 149,A lightweight laptop suitable for productivity and entertainment.
150,Product 150,A high-performance smartphone with a large screen and fast processor.
151,Product 151,A lightweight laptop suitable for productivity and entertainment.
152,Product 152,A high-performance smartphone with a large screen and fast processor.
153,Product 153,A lightweight laptop suitable for productivity and entertainment.
154,Product 154,A high-performance smartphone with a large screen and fast processor.
155,Product 155,A lightweight laptop suitable for productivity and entertainment.
156,Product 156,A high-performance smartphone with a large screen and fast processor.
157,Product 157,A lightweight laptop suitable for productivity and entertainment.
158,Product 158,A high-performance smartphone with a large screen and fast processor.
159,Product 159,A lightweight laptop suitable for productivity and entertainment.
160,Product 160,A high-performance smartphone with a large screen and fast processor.
161,Product 161,A lightweight laptop suitable for productivity and entertainment.
162,Product 162,A high-performance smartphone with a large screen and fast processor.
163,Product 163,A lightweight laptop suitable for productivity and entertainment.
164,Product 164,A high-performance smartphone with a large screen and fast processor.
165,Product 165,A lightweight laptop suitable for productivity and entertainment.
166,Product 166,A high-performance smartphone with a large screen and fast processor.
167,Product 167,A lightweight laptop suitable for productivity and entertainment.
168,Product 168,A high-performance smartphone with a large screen and fast processor.
169,Product 169,A lightweight laptop suitable for productivity and entertainment.
170,Product 170,A high-performance smartphone with a large screen and fast processor.
171,Product 171,A lightweight laptop suitable for productivity and entertainment.
172,Product 172,A high-performance smartphone with a large screen and fast processor.
173,Product 173,A lightweight laptop suitable for productivity and entertainment.
174,Product 174,A high-performance smartphone with a large screen and fast processor.
175,Product 175,A lightweight laptop suitable for productivity and entertainment.
176,Product 176,A high-performance smartphone with a large screen and fast processor.
177,Product 177,A lightweight laptop suitable for productivity and entertainment.
178,Product 178,A high-performance smartphone with a large screen and fast processor.
179,Product 179,A lightweight laptop suitable for productivity and entertainment.
180,Product 180,A high-performance smartphone with a large screen and fast processor.
181,Product 181,A lightweight laptop suitable for productivity and entertainment.
182,Product 182,A high-performance smartphone with a large screen and fast processor.
183,Product 183,A lightweight laptop suitable for productivity and entertainment.
184,Product 184,A high-performance smartphone with a large screen and fast processor.
185,Product 185,A lightweight laptop suitable for productivity and entertainment.
186,Product 186,A high-performance smartphone with a large screen and fast processor.
187,Product 187,A lightweight laptop suitable for productivity and entertainment.
188,Product 188,A high-performance smartphone with a large screen and fast processor.
189,Product 189,A lightweight laptop suitable for productivity and entertainment.
190,Product 190,A high-performance smartphone with a large screen and fast processor.
191,Product 191,A lightweight laptop suitable for productivity and entertainment.
192,Product 192,A high-performance smartphone with a large screen and fast processor.
193,Product 193,A lightweight laptop suitable for productivity and entertainment.
194,Product 194,A high-performance smartphone with a large screen and fast processor.
195,Product 195,A lightweight laptop suitable for productivity and entertainment.
196,Product 196,A high-performance smartphone with a large screen and fast processor.
197,Product 197,A lightweight laptop suitable for productivity and entertainment.
198,Product 198,A high-performance smartphone with a large screen and fast processor.
199,Product 199,A lightweight laptop suitable for productivity and entertainment.
200,Product 200,A high-performance smartphone with a large screen and fast processor.
201,Product 201,A lightweight laptop suitable for productivity and entertainment.
202,Product 202,A high-performance smartphone with a large screen and fast processor.
203,Product 203,A lightweight laptop suitable for productivity and entertainment.
204,Product 204,A high-performance smartphone with a large screen and fast processor.
205,Product 205,A lightweight laptop suitable for productivity and entertainment.
206,Product 206,A high-performance smartphone with a large screen and fast processor.
207,Product 207,A lightweight laptop suitable for productivity and entertainment.
208,Product 208,A high-performance smartphone with a large screen and fast processor.
209,Product 209,A lightweight laptop suitable for productivity and entertainment.
210,Product 210,A high-performance smartphone with a large screen and fast processor.
211,Product 211,A lightweight laptop suitable for productivity and entertainment.
212,Product 212,A high-performance smartphone with a large screen and fast processor.
213,Product 213,A lightweight laptop suitable for productivity and entertainment.
214,Product 214,A high-performance smartphone with a large screen and fast processor.
215,Product 215,A lightweight laptop suitable for productivity and entertainment.
216,Product 216,A high-performance smartphone with a large screen and fast processor.
217,Product 217,A lightweight laptop suitable for productivity and entertainment.
218,Product 218,A high-performance smartphone with a large screen and fast processor.
219,Product 219,A lightweight laptop suitable for productivity and entertainment.
220,Product 220,A high-performance smartphone with a large screen and fast processor.
221,Product 221,A lightweight laptop suitable for productivity and entertainment.
222,Product 222,A high-performance smartphone with a large screen and fast processor.
223,Product 223,A lightweight laptop suitable for productivity and entertainment.
224,Product 224,A high-performance smartphone with a large screen and fast processor.
225,Product 225,A lightweight laptop suitable for productivity and entertainment.
226,Product 226,A high-performance smartphone with a large screen and fast processor.
227,Product 227,A lightweight laptop suitable for productivity and entertainment.
228,Product 228,A high-performance smartphone with a large screen and fast processor.
229,Product 229,A lightweight laptop suitable for productivity and entertainment.
230,Product 230,A high-performance smartphone with a large screen and fast processor.
231,Product 231,A lightweight laptop suitable for productivity and entertainment.
232,Product 232,A high-performance smartphone with a large screen and fast processor.
233,Product 233,A lightweight laptop suitable for productivity and entertainment.
234,Product 234,A high-performance smartphone with a large screen and fast processor.
235,Product 235,A lightweight laptop suitable for productivity and entertainment.
236,Product 236,A high-performance smartphone with a large screen and fast processor.
237,Product 237,A lightweight laptop suitable for productivity and entertainment.
238,Product 238,A high-performance smartphone with a large screen and fast processor.
239,Product 239,A lightweight laptop suitable for productivity and entertainment.
240,Product 240,A high-performance smartphone with a large screen and fast processor.
241,Product 241,A lightweight laptop suitable for productivity and entertainment.
242,Product 242,A high-performance smartphone with a large screen and fast processor.
243,Product 243,A lightweight laptop suitable for productivity and entertainment.
244,Product 244,A high-performance smartphone with a large screen and fast processor.
245,Product 245,A lightweight laptop suitable for productivity and entertainment.
246,Product 246,A high-performance smartphone with a large screen and fast processor.
247,Product 247,A lightweight laptop suitable for productivity and entertainment.
248,Product 248,A high-performance smartphone with a large screen and fast processor.
249,Product 249,A lightweight laptop suitable for productivity and entertainment.
250,Product 250,A high-performance smartphone with a large screen and fast processor.
251,Product 251,A lightweight laptop suitable for productivity and entertainment.
252,Product 252,A high-performance smartphone with a large screen and fast processor.
253,Product 253,A lightweight laptop suitable for productivity and entertainment.
254,Product 254,A high-performance smartphone with a large screen and fast processor.
255,Product 255,A lightweight laptop suitable for productivity and entertainment.
256,Product 256,A high-performance smartphone with a large screen and fast processor.
257,Product 257,A lightweight laptop suitable for productivity and entertainment.
258,Product 258,A high-performance smartphone with a large screen and fast processor.
259,Product 259,A lightweight laptop suitable for productivity and entertainment.
260,Product 260,A high-performance smartphone with a large screen and fast processor.
261,Product 261,A lightweight laptop suitable for productivity and entertainment.
262,Product 262,A high-performance smartphone with a large screen and fast processor.
263,Product 263,A lightweight laptop suitable for productivity and entertainment.
264,Product 264,A high-performance smartphone with a large screen and fast processor.
265,Product 265,A lightweight laptop suitable for productivity and entertainment.
266,Product 266,A high-performance smartphone with a large screen and fast processor.
267,Product 267,A lightweight laptop suitable for productivity and entertainment.
268,Product 268,A high-performance smartphone with a large screen and fast processor.
269,Product 269,A lightweight laptop suitable for productivity and entertainment.
270,Product 270,A high-performance smartphone with a large screen and fast processor.
271,Product 271,A lightweight laptop suitable for productivity and entertainment.
272,Product 272,A high-performance smartphone with a large screen and fast processor.
273,Product 273,A lightweight laptop suitable for productivity and entertainment.
274,Product 274,A high-performance smartphone with a large screen and fast processor.
275,Product 275,A lightweight laptop suitable for productivity and entertainment.
276,Product 276,A high-performance smartphone with a large screen and fast processor.
277,Product 277,A lightweight laptop suitable for productivity and entertainment.
278,Product 278,A high-performance smartphone with a large screen and fast processor.
279,Product 279,A lightweight laptop suitable for productivity and entertainment.
280,Product 280,A high-performance smartphone with a large screen and fast processor.
281,Product 281,A lightweight laptop suitable for productivity and entertainment.
282,Product 282,A high-performance smartphone with a large screen and fast processor.
283,Product 283,A lightweight laptop suitable for productivity and entertainment.
284,Product 284,A high-performance smartphone with a large screen and fast processor.
285,Product 285,A lightweight laptop suitable for productivity and entertainment.
286,Product 286,A high-performance smartphone with a large screen and fast processor.
287,Product 287,A lightweight laptop suitable for productivity and entertainment.
288,Product 288,A high-performance smartphone with a large screen and fast processor.
289,Product 289,A lightweight laptop suitable for productivity and entertainment.
290,Product 290,A high-performance smartphone with a large screen and fast processor.
291,Product 291,A lightweight laptop suitable for productivity and entertainment.
292,Product 292,A high-performance smartphone with a large screen and fast processor.
293,Product 293,A lightweight laptop suitable for productivity and entertainment.
294,Product 294,A high-performance smartphone with a large screen and fast processor.
295,Product 295,A lightweight laptop suitable for productivity and entertainment.
296,Product 296,A high-performance smartphone with a large screen and fast processor.
297,Product 297,A lightweight laptop suitable for productivity and entertainment.
298,Product 298,A high-performance smartphone with a large screen and fast processor.
299,Product 299,A lightweight laptop suitable for productivity and entertainment.
300,Product 300,A high-performance smartphone with a large screen and fast processor.
301,Product 301,A lightweight laptop suitable for productivity and entertainment.
302,Product 302,A high-performance smartphone with a large screen and fast processor.
303,Product 303,A lightweight laptop suitable for productivity and entertainment.
304,Product 304,A high-performance smartphone with a large screen and fast processor.
305,Product 305,A lightweight laptop suitable for productivity and entertainment.
306,Product 306,A high-performance smartphone with a large screen and fast processor.
307,Product 307,A lightweight laptop suitable for productivity and entertainment.
308,Product 308,A high-performance smartphone with a large screen and fast processor.
309,Product 309,A lightweight laptop suitable for productivity and entertainment.
310,Product 310,A high-performance smartphone with a large screen and fast processor.
311,Product 311,A lightweight laptop suitable for productivity and entertainment.
312,Product 312,A high-performance smartphone with a large screen and fast processor.
313,Product 313,A lightweight laptop suitable for productivity and entertainment.
314,Product 314,A high-performance smartphone with a large screen and fast processor.
315,Product 315,A lightweight laptop suitable for productivity and entertainment.
316,Product 316,A high-performance smartphone with a large screen and fast processor.
317,Product 317,A lightweight laptop suitable for productivity and entertainment.
318,Product 318,A high-performance smartphone with a large screen and fast processor.
319,Product 319,A lightweight laptop suitable for productivity and entertainment.
320,Product 320,A high-performance smartphone with a large screen and fast processor.
321,Product 321,A lightweight laptop suitable for productivity and entertainment.
322,Product 322,A high-performance smartphone with a large screen and fast processor.
323,Product 323,A lightweight laptop suitable for productivity and entertainment.
324,Product 324,A high-performance smartphone with a large screen and fast processor.
325,Product 325,A lightweight laptop suitable for productivity and entertainment.
326,Product 326,A high-performance smartphone with a large screen and fast processor.
327,Product 327,A lightweight laptop suitable for productivity and entertainment.
328,Product 328,A high-performance smartphone with a large screen and fast processor.
329,Product 329,A lightweight laptop suitable for productivity and entertainment.
330,Product 330,A high-performance smartphone with a large screen and fast processor.
331,Product 331,A lightweight laptop suitable for productivity and entertainment.
332,Product 332,A high-performance smartphone with a large screen and fast processor.
333,Product 333,A lightweight laptop suitable for productivity and entertainment.
334,Product 334,A high-performance smartphone with a large screen and fast processor.
335,Product 335,A lightweight laptop suitable for productivity and entertainment.
336,Product 336,A high-performance smartphone with a large screen and fast processor.
337,Product 337,A lightweight laptop suitable for productivity and entertainment.
338,Product 338,A high-performance smartphone with a large screen and fast processor.
339,Product 339,A lightweight laptop suitable for productivity and entertainment.
340,Product 340,A high-performance smartphone with a large screen and fast processor.
341,Product 341,A lightweight laptop suitable for productivity and entertainment.
342,Product 342,A high-performance smartphone with a large screen and fast processor.
343,Product 343,A lightweight laptop suitable for productivity and entertainment.
344,Product 344,A high-performance smartphone with a large screen and fast processor.
345,Product 345,A lightweight laptop suitable for productivity and entertainment.
346,Product 346,A high-performance smartphone with a large screen and fast processor.
347,Product 347,A lightweight laptop suitable for productivity and entertainment.
348,Product 348,A high-performance smartphone with a large screen and fast processor.
349,Product 349,A lightweight laptop suitable for productivity and entertainment.
350,Product 350,A high-performance smartphone with a large screen and fast processor.
351,Product 351,A lightweight laptop suitable for productivity and entertainment.
352,Product 352,A high-performance smartphone with a large screen and fast processor.
353,Product 353,A lightweight laptop suitable for productivity and entertainment.
354,Product 354,A high-performance smartphone with a large screen and fast processor.
355,Product 355,A lightweight laptop suitable for productivity and entertainment.
356,Product 356,A high-performance smartphone with a large screen and fast processor.
357,Product 357,A lightweight laptop suitable for productivity and entertainment.
358,Product 358,A high-performance smartphone with a large screen and fast processor.
359,Product 359,A lightweight laptop suitable for productivity and entertainment.
360,Product 360,A high-performance smartphone with a large screen and fast processor.
361,Product 361,A lightweight laptop suitable for productivity and entertainment.
362,Product 362,A high-performance smartphone with a large screen and fast processor.
363,Product 363,A lightweight laptop suitable for productivity and entertainment.
364,Product 364,A high-performance smartphone with a large screen and fast processor.
365,Product 365,A lightweight laptop suitable for productivity and entertainment.
366,Product 366,A high-performance smartphone with a large screen and fast processor.
367,Product 367,A lightweight laptop suitable for productivity and entertainment.
368,Product 368,A high-performance smartphone with a large screen and fast processor.
369,Product 369,A lightweight laptop suitable for productivity and entertainment.
370,Product 370,A high-performance smartphone with a large screen and fast processor.
371,Product 371,A lightweight laptop suitable for productivity and entertainment.
372,Product 372,A high-performance smartphone with a large screen and fast processor.
373,Product 373,A lightweight laptop suitable for productivity and entertainment.
374,Product 374,A high-performance smartphone with a large screen and fast processor.
375,Product 375,A lightweight laptop suitable for productivity and entertainment.
376,Product 376,A high-performance smartphone with a large screen and fast processor.
377,Product 377,A lightweight laptop suitable for productivity and entertainment.
378,Product 378,A high-performance smartphone with a large screen and fast processor.
379,Product 379,A lightweight laptop suitable for productivity and entertainment.
380,Product 380,A high-performance smartphone with a large screen and fast processor.
381,Product 381,A lightweight laptop suitable for productivity and entertainment.
382,Product 382,A high-performance smartphone with a large screen and fast processor.
383,Product 383,A lightweight laptop suitable for productivity and entertainment.
384,Product 384,A high-performance smartphone with a large screen and fast processor.
385,Product 385,A lightweight laptop suitable for productivity and entertainment.
386,Product 386,A high-performance smartphone with a large screen and fast processor.
387,Product 387,A lightweight laptop suitable for productivity and entertainment.
388,Product 388,A high-performance smartphone with a large screen and fast processor.
389,Product 389,A lightweight laptop suitable for productivity and entertainment.
390,Product 390,A high-performance smartphone with a large screen and fast processor.
391,Product 391,A lightweight laptop suitable for productivity and entertainment.
392,Product 392,A high-performance smartphone with a large screen and fast processor.
393,Product 393,A lightweight laptop suitable for productivity and entertainment.
394,Product 394,A high-performance smartphone with a large screen and fast processor.
395,Product 395,A lightweight laptop suitable for productivity and entertainment.
396,Product 396,A high-performance smartphone with a large screen and fast processor.
397,Product 397,A lightweight laptop suitable for productivity and entertainment.
398,Product 398,A high-performance smartphone with a large screen and fast processor.
399,Product 399,A lightweight laptop suitable for productivity and entertainment.
400,Product 400,A high-performance smartphone with a large screen and fast processor.
401,Product 401,A lightweight laptop suitable for productivity and entertainment.
402,Product 402,A high-performance smartphone with a large screen and fast processor.
403,Product 403,A lightweight laptop suitable for productivity and entertainment.
404,Product 404,A high-performance smartphone with a large screen and fast processor.
405,Product 405,A lightweight laptop suitable for productivity and entertainment.
406,Product 406,A high-performance smartphone with a large screen and fast processor.
407,Product 407,A lightweight laptop suitable for productivity and entertainment.
408,Product 408,A high-performance smartphone with a large screen and fast processor.
409,Product 409,A lightweight laptop suitable for productivity and entertainment.
410,Product 410,A high-performance smartphone with a large screen and fast processor.
411,Product 411,A lightweight laptop suitable for productivity and entertainment.
412,Product 412,A high-performance smartphone with a large screen and fast processor.
413,Product 413,A lightweight laptop suitable for productivity and entertainment.
414,Product 414,A high-performance smartphone with a large screen and fast processor.
415,Product 415,A lightweight laptop suitable for productivity and entertainment.
416,Product 416,A high-performance smartphone with a large screen and fast processor.
417,Product 417,A lightweight laptop suitable for productivity and entertainment.
418,Product 418,A high-performance smartphone with a large screen and fast processor.
419,Product 419,A lightweight laptop suitable for productivity and entertainment.
420,Product 420,A high-performance smartphone with a large screen and fast processor.
421,Product 421,A lightweight laptop suitable for productivity and entertainment.
422,Product 422,A high-performance smartphone with a large screen and fast processor.
423,Product 423,A lightweight laptop suitable for productivity and entertainment.
424,Product 424,A high-performance smartphone with a large screen and fast processor.
425,Product 425,A lightweight laptop suitable for productivity and entertainment.
426,Product 426,A high-performance smartphone with a large screen and fast processor.
427,Product 427,A lightweight laptop suitable for productivity and entertainment.
428,Product 428,A high-performance smartphone with a large screen and fast processor.
429,Product 429,A lightweight laptop suitable for productivity and entertainment.
430,Product 430,A high-performance smartphone with a large screen and fast processor.
431,Product 431,A lightweight laptop suitable for productivity and entertainment.
432,Product 432,A high-performance smartphone with a large screen and fast processor.
433,Product 433,A lightweight laptop suitable for productivity and entertainment.
434,Product 434,A high-performance smartphone with a large screen and fast processor.
435,Product 435,A lightweight laptop suitable for productivity and entertainment.
436,Product 436,A high-performance smartphone with a large screen and fast processor.
437,Product 437,A lightweight laptop suitable for productivity and entertainment.
438,Product 438,A high-performance smartphone with a large screen and fast processor.
439,Product 439,A lightweight laptop suitable for productivity and entertainment.
440,Product 440,A high-performance smartphone with a large screen and fast processor.
441,Product 441,A lightweight laptop suitable for productivity and entertainment.
442,Product 442,A high-performance smartphone with a large screen and fast processor.
443,Product 443,A lightweight laptop suitable for productivity and entertainment.
444,Product 444,A high-performance smartphone with a large screen and fast processor.
445,Product 445,A lightweight laptop suitable for productivity and entertainment.
446,Product 446,A high-performance smartphone with a large screen and fast processor.
447,Product 447,A lightweight laptop suitable for productivity and entertainment.
448,Product 448,A high-performance smartphone with a large screen and fast processor.
449,Product 449,A lightweight laptop suitable for productivity and entertainment.
450,Product 450,A high-performance smartphone with a large screen and fast processor.
451,Product 451,A lightweight laptop suitable for productivity and entertainment.
452,Product 452,A high-performance smartphone with a large screen and fast processor.
453,Product 453,A lightweight laptop suitable for productivity and entertainment.
454,Product 454,A high-performance smartphone with a large screen and fast processor.
455,Product 455,A lightweight laptop suitable for productivity and entertainment.
456,Product 456,A high-performance smartphone with a large screen and fast processor.
457,Product 457,A lightweight laptop suitable for productivity and entertainment.
458,Product 458,A high-performance smartphone with a large screen and fast processor.
459,Product 459,A lightweight laptop suitable for productivity and entertainment.
460,Product 460,A high-performance smartphone with a large screen and fast processor.
461,Product 461,A lightweight laptop suitable for productivity and entertainment.
462,Product 462,A high-performance smartphone with a large screen and fast processor.
463,Product 463,A lightweight laptop suitable for productivity and entertainment.
464,Product 464,A high-performance smartphone with a large screen and fast processor.
465,Product 465,A lightweight laptop suitable for productivity and entertainment.
466,Product 466,A high-performance smartphone with a large screen and fast processor.
467,Product 467,A lightweight laptop suitable for productivity and entertainment.
468,Product 468,A high-performance smartphone with a large screen and fast processor.
469,Product 469,A lightweight laptop suitable for productivity and entertainment.
470,Product 470,A high-performance smartphone with a large screen and fast processor.
471,Product 471,A lightweight laptop suitable for productivity and entertainment.
472,Product 472,A high-performance smartphone with a large screen and fast processor.
473,Product 473,A lightweight laptop suitable for productivity and entertainment.
474,Product 474,A high-performance smartphone with a large screen and fast processor.
475,Product 475,A lightweight laptop suitable for productivity and entertainment.
476,Product 476,A high-performance smartphone with a large screen and fast processor.
477,Product 477,A lightweight laptop suitable for productivity and entertainment.
478,Product 478,A high-performance smartphone with a large screen and fast processor.
479,Product 479,A lightweight laptop suitable for productivity and entertainment.
480,Product 480,A high-performance smartphone with a large screen and fast processor.
481,Product 481,A lightweight laptop suitable for productivity and entertainment.
482,Product 482,A high-performance smartphone with a large screen and fast processor.
483,Product 483,A lightweight laptop suitable for productivity and entertainment.
484,Product 484,A high-performance smartphone with a large screen and fast processor.
485,Product 485,A lightweight laptop suitable for productivity and entertainment.
486,Product 486,A high-performance smartphone with a large screen and fast processor.
487,Product 487,A lightweight laptop suitable for productivity and entertainment.
488,Product 488,A high-performance smartphone with a large screen and fast processor.
489,Product 489,A lightweight laptop suitable for productivity and entertainment.
490,Product 490,A high-performance smartphone with a large screen and fast processor.
491,Product 491,A lightweight laptop suitable for productivity and entertainment.
492,Product 492,A high-performance smartphone with a large screen and fast processor.
493,Product 493,A lightweight laptop suitable for productivity and entertainment.
494,Product 494,A high-performance smartphone with a large screen and fast processor.
495,Product 495,A lightweight laptop suitable for productivity and entertainment.
496,Product 496,A high-performance smartphone with a large screen and fast processor.
497,Product 497,A lightweight laptop suitable for productivity and entertainment.
498,Product 498,A high-performance smartphone with a large screen and fast processor.
499,Product 499,A lightweight laptop suitable for productivity and entertainment.
500,Product 500,A high-performance smartphone with a large screen and fast processor.
501,Product 501,A lightweight laptop suitable for productivity and entertainment.
502,Product 502,A high-performance smartphone with a large screen and fast processor.
503,Product 503,A lightweight laptop suitable for productivity and entertainment.
504,Product 504,A high-performance smartphone with a large screen and fast processor.
505,Product 505,A lightweight laptop suitable for productivity and entertainment.
506,Product 506,A high-performance smartphone with a large screen and fast processor.
507,Product 507,A lightweight laptop suitable for productivity and entertainment.
508,Product 508,A high-performance smartphone with a large screen and fast processor.
509,Product 509,A lightweight laptop suitable for productivity and entertainment.
510,Product 510,A high-performance smartphone with a large screen and fast processor.
511,Product 511,A lightweight laptop suitable for productivity and entertainment.
512,Product 512,A high-performance smartphone with a large screen and fast processor.
513,Product 513,A lightweight laptop suitable for productivity and entertainment.
514,Product 514,A high-performance smartphone with a large screen and fast processor.
515,Product 515,A lightweight laptop suitable for productivity and entertainment.
516,Product 516,A high-performance smartphone with a large screen and fast processor.
517,Product 517,A lightweight laptop suitable for productivity and entertainment.
518,Product 518,A high-performance smartphone with a large screen and fast processor.
519,Product 519,A lightweight laptop suitable for productivity and entertainment.
520,Product 520,A high-performance smartphone with a large screen and fast processor.
521,Product 521,A lightweight laptop suitable for productivity and entertainment.
522,Product 522,A high-performance smartphone with a large screen and fast processor.
523,Product 523,A lightweight laptop suitable for productivity and entertainment.
524,Product 524,A high-performance smartphone with a large screen and fast processor.
525,Product 525,A lightweight laptop suitable for productivity and entertainment.
526,Product 526,A high-performance smartphone with a large screen and fast processor.
527,Product 527,A lightweight laptop suitable for productivity and entertainment.
528,Product 528,A high-performance smartphone with a large screen and fast processor.
529,Product 529,A lightweight laptop suitable for productivity and entertainment.
530,Product 530,A high-performance smartphone with a large screen and fast processor.
531,Product 531,A lightweight laptop suitable for productivity and entertainment.
532,Product 532,A high-performance smartphone with a large screen and fast processor.
533,Product 533,A lightweight laptop suitable for productivity and entertainment.
534,Product 534,A high-performance smartphone with a large screen and fast processor.
535,Product 535,A lightweight laptop suitable for productivity and entertainment.
536,Product 536,A high-performance smartphone with a large screen and fast processor.
537,Product 537,A lightweight laptop suitable for productivity and entertainment.
538,Product 538,A high-performance smartphone with a large screen and fast processor.
539,Product 539,A lightweight laptop suitable for productivity and entertainment.
540,Product 540,A high-performance smartphone with a large screen and fast processor.
541,Product 541,A lightweight laptop suitable for productivity and entertainment.
542,Product 542,A high-performance smartphone with a large screen and fast processor.
543,Product 543,A lightweight laptop suitable for productivity and entertainment.
544,Product 544,A high-performance smartphone with a large screen and fast processor.
545,Product 545,A lightweight laptop suitable for productivity and entertainment.
546,Product 546,A high-performance smartphone with a large screen and fast processor.
547,Product 547,A lightweight laptop suitable for productivity and entertainment.
548,Product 548,A high-performance smartphone with a large screen and fast processor.
549,Product 549,A lightweight laptop suitable for productivity and entertainment.
550,Product 550,A high-performance smartphone with a large screen and fast processor.
551,Product 551,A lightweight laptop suitable for productivity and entertainment.
552,Product 552,A high-performance smartphone with a large screen and fast processor.
553,Product 553,A lightweight laptop suitable for productivity and entertainment.
554,Product 554,A high-performance smartphone with a large screen and fast processor.
555,Product 555,A lightweight laptop suitable for productivity and entertainment.
556,Product 556,A high-performance smartphone with a large screen and fast processor.
557,Product 557,A lightweight laptop suitable for productivity and entertainment.
558,Product 558,A high-performance smartphone with a large screen and fast processor.
559,Product 559,A lightweight laptop suitable for productivity and entertainment.
560,Product 560,A high-performance smartphone with a large screen and fast processor.
561,Product 561,A lightweight laptop suitable for productivity and entertainment.
562,Product 562,A high-performance smartphone with a large screen and fast processor.
563,Product 563,A lightweight laptop suitable for productivity and entertainment.
564,Product 564,A high-performance smartphone with a large screen and fast processor.
565,Product 565,A lightweight laptop suitable for productivity and entertainment.
566,Product 566,A high-performance smartphone with a large screen and fast processor.
567,Product 567,A lightweight laptop suitable for productivity and entertainment.
568,Product 568,A high-performance smartphone with a large screen and fast processor.
569,Product 569,A lightweight laptop suitable for productivity and entertainment.
570,Product 570,A high-performance smartphone with a large screen and fast processor.
571,Product 571,A lightweight laptop suitable for productivity and entertainment.
572,Product 572,A high-performance smartphone with a large screen and fast processor.
573,Product 573,A lightweight laptop suitable for productivity and entertainment.
574,Product 574,A high-performance smartphone with a large screen and fast processor.
575,Product 575,A lightweight laptop suitable for productivity and entertainment.
576,Product 576,A high-performance smartphone with a large screen and fast processor.
577,Product 577,A lightweight laptop suitable for productivity and entertainment.
578,Product 578,A high-performance smartphone with a large screen and fast processor.
579,Product 579,A lightweight laptop suitable for productivity and entertainment.
580,Product 580,A high-performance smartphone with a large screen and fast processor.
581,Product 581,A lightweight laptop suitable for productivity and entertainment.
582,Product 582,A high-performance smartphone with a large screen and fast processor.
583,Product 583,A lightweight laptop suitable for productivity and entertainment.
584,Product 584,A high-performance smartphone with a large screen and fast processor.
585,Product 585,A lightweight laptop suitable for productivity and entertainment.
586,Product 586,A high-performance smartphone with a large screen and fast processor.
587,Product 587,A lightweight laptop suitable for productivity and entertainment.
588,Product 588,A high-performance smartphone with a large screen and fast processor.
589,Product 589,A lightweight laptop suitable for productivity and entertainment.
590,Product 590,A high-performance smartphone with a large screen and fast processor.
591,Product 591,A lightweight laptop suitable for productivity and entertainment.
592,Product 592,A high-performance smartphone with a large screen and fast processor.
593,Product 593,A lightweight laptop suitable for productivity and entertainment.
594,Product 594,A high-performance smartphone with a large screen and fast processor.
595,Product 595,A lightweight laptop suitable for productivity and entertainment.
596,Product 596,A high-performance smartphone with a large screen and fast processor.
597,Product 597,A lightweight laptop suitable for productivity and entertainment.
598,Product 598,A high-performance smartphone with a large screen and fast processor.
599,Product 599,A lightweight laptop suitable for productivity and entertainment.
600,Product 600,A high-performance smartphone with a large screen and fast processor.
601,Product 601,A lightweight laptop suitable for productivity and entertainment.
602,Product 602,A high-performance smartphone with a large screen and fast processor.
603,Product 603,A lightweight laptop suitable for productivity and entertainment.
604,Product 604,A high-performance smartphone with a large screen and fast processor.
605,Product 605,A lightweight laptop suitable for productivity and entertainment.
606,Product 606,A high-performance smartphone with a large screen and fast processor.
607,Product 607,A lightweight laptop suitable for productivity and entertainment.
608,Product 608,A high-performance smartphone with a large screen and fast processor.
609,Product 609,A lightweight laptop suitable for productivity and entertainment.
610,Product 610,A high-performance smartphone with a large screen and fast processor.
611,Product 611,A lightweight laptop suitable for productivity and entertainment.
612,Product 612,A high-performance smartphone with a large screen and fast processor.
613,Product 613,A lightweight laptop suitable for productivity and entertainment.
614,Product 614,A high-performance smartphone with a large screen and fast processor.
615,Product 615,A lightweight laptop suitable for productivity and entertainment.
616,Product 616,A high-performance smartphone with a large screen and fast processor.
617,Product 617,A lightweight laptop suitable for productivity and entertainment.
618,Product 618,A high-performance smartphone with a large screen and fast processor.
619,Product 619,A lightweight laptop suitable for productivity and entertainment.
620,Product 620,A high-performance smartphone with a large screen and fast processor.
621,Product 621,A lightweight laptop suitable for productivity and entertainment.
622,Product 622,A high-performance smartphone with a large screen and fast processor.
623,Product 623,A lightweight laptop suitable for productivity and entertainment.
624,Product 624,A high-performance smartphone with a large screen and fast processor.
625,Product 625,A lightweight laptop suitable for productivity and entertainment.
626,Product 626,A high-performance smartphone with a large screen and fast processor.
627,Product 627,A lightweight laptop suitable for productivity and entertainment.
628,Product 628,A high-performance smartphone with a large screen and fast processor.
629,Product 629,A lightweight laptop suitable for productivity and entertainment.
630,Product 630,A high-performance smartphone with a large screen and fast processor.
631,Product 631,A lightweight laptop suitable for productivity and entertainment.
632,Product 632,A high-performance smartphone with a large screen and fast processor.
633,Product 633,A lightweight laptop suitable for productivity and entertainment.
634,Product 634,A high-performance smartphone with a large screen and fast processor.
635,Product 635,A lightweight laptop suitable for productivity and entertainment.
636,Product 636,A high-performance smartphone with a large screen and fast processor.
637,Product 637,A lightweight laptop suitable for productivity and entertainment.
638,Product 638,A high-performance smartphone with a large screen and fast processor.
639,Product 639,A lightweight laptop suitable for productivity and entertainment.
640,Product 640,A high-performance smartphone with a large screen and fast processor.
641,Product 641,A lightweight laptop suitable for productivity and entertainment.
642,Product 642,A high-performance smartphone with a large screen and fast processor.
643,Product 643,A lightweight laptop suitable for productivity and entertainment.
644,Product 644,A high-performance smartphone with a large screen and fast processor.
645,Product 645,A lightweight laptop suitable for productivity and entertainment.
646,Product 646,A high-performance smartphone with a large screen and fast processor.
647,Product 647,A lightweight laptop suitable for productivity and entertainment.
648,Product 648,A high-performance smartphone with a large screen and fast processor.
649,Product 649,A lightweight laptop suitable for productivity and entertainment.
650,Product 650,A high-performance smartphone with a large screen and fast processor.
651,Product 651,A lightweight laptop suitable for productivity and entertainment.
652,Product 652,A high-performance smartphone with a large screen and fast processor.
653,Product 653,A lightweight laptop suitable for productivity and entertainment.
654,Product 654,A high-performance smartphone with a large screen and fast processor.
655,Product 655,A lightweight laptop suitable for productivity and entertainment.
656,Product 656,A high-performance smartphone with a large screen and fast processor.
657,Product 657,A lightweight laptop suitable for productivity and entertainment.
658,Product 658,A high-performance smartphone with a large screen and fast processor.
659,Product 659,A lightweight laptop suitable for productivity and entertainment.
660,Product 660,A high-performance smartphone with a large screen and fast processor.
661,Product 661,A lightweight laptop suitable for productivity and entertainment.
662,Product 662,A high-performance smartphone with a large screen and fast processor.
663,Product 663,A lightweight laptop suitable for productivity and entertainment.
664,Product 664,A high-performance smartphone with a large screen and fast processor.
665,Product 665,A lightweight laptop suitable for productivity and entertainment.
666,Product 666,A high-performance smartphone with a large screen and fast processor.
667,Product 667,A lightweight laptop suitable for productivity and entertainment.
668,Product 668,A high-performance smartphone with a large screen and fast processor.
669,Product 669,A lightweight laptop suitable for productivity and entertainment.
670,Product 670,A high-performance smartphone with a large screen and fast processor.
671,Product 671,A lightweight laptop suitable for productivity and entertainment.
672,Product 672,A high-performance smartphone with a large screen and fast processor.
673,Product 673,A lightweight laptop suitable for productivity and entertainment.
674,Product 674,A high-performance smartphone with a large screen and fast processor.
675,Product 675,A lightweight laptop suitable for productivity and entertainment.
676,Product 676,A high-performance smartphone with a large screen and fast processor.
677,Product 677,A lightweight laptop suitable for productivity and entertainment.
678,Product 678,A high-performance smartphone with a large screen and fast processor.
679,Product 679,A lightweight laptop suitable for productivity and entertainment.
680,Product 680,A high-performance smartphone with a large screen and fast processor.
681,Product 681,A lightweight laptop suitable for productivity and entertainment.
682,Product 682,A high-performance smartphone with a large screen and fast processor.
683,Product 683,A lightweight laptop suitable for productivity and entertainment.
684,Product 684,A high-performance smartphone with a large screen and fast processor.
685,Product 685,A lightweight laptop suitable for productivity and entertainment.
686,Product 686,A high-performance smartphone with a large screen and fast processor.
687,Product 687,A lightweight laptop suitable for productivity and entertainment.
688,Product 688,A high-performance smartphone with a large screen and fast processor.
689,Product 689,A lightweight laptop suitable for productivity and entertainment.
690,Product 690,A high-performance smartphone with a large screen and fast processor.
691,Product 691,A lightweight laptop suitable for productivity and entertainment.
692,Product 692,A high-performance smartphone with a large screen and fast processor.
693,Product 693,A lightweight laptop suitable for productivity and entertainment.
694,Product 694,A high-performance smartphone with a large screen and fast processor.
695,Product 695,A lightweight laptop suitable for productivity and entertainment.
696,Product 696,A high-performance smartphone with a large screen and fast processor.
697,Product 697,A lightweight laptop suitable for productivity and entertainment.
698,Product 698,A high-performance smartphone with a large screen and fast processor.
699,Product 699,A lightweight laptop suitable for productivity and entertainment.
700,Product 700,A high-performance smartphone with a large screen and fast processor.
701,Product 701,A lightweight laptop suitable for productivity and entertainment.
702,Product 702,A high-performance smartphone with a large screen and fast processor.
703,Product 703,A lightweight laptop suitable for productivity and entertainment.
704,Product 704,A high-performance smartphone with a large screen and fast processor.
705,Product 705,A lightweight laptop suitable for productivity and entertainment.
706,Product 706,A high-performance smartphone with a large screen and fast processor.
707,Product 707,A lightweight laptop suitable for productivity and entertainment.
708,Product 708,A high-performance smartphone with a large screen and fast processor.
709,Product 709,A lightweight laptop suitable for productivity and entertainment.
710,Product 710,A high-performance smartphone with a large screen and fast processor.
711,Product 711,A lightweight laptop suitable for productivity and entertainment.
712,Product 712,A high-performance smartphone with a large screen and fast processor.
713,Product 713,A lightweight laptop suitable for productivity and entertainment.
714,Product 714,A high-performance smartphone with a large screen and fast processor.
715,Product 715,A lightweight laptop suitable for productivity and entertainment.
716,Product 716,A high-performance smartphone with a large screen and fast processor.
717,Product 717,A lightweight laptop suitable for productivity and entertainment.
718,Product 718,A high-performance smartphone with a large screen and fast processor.
719,Product 719,A lightweight laptop suitable for productivity and entertainment.
720,Product 720,A high-performance smartphone with a large screen and fast processor.
721,Product 721,A lightweight laptop suitable for productivity and entertainment.
722,Product 722,A high-performance smartphone with a large screen and fast processor.
723,Product 723,A lightweight laptop suitable for productivity and entertainment.
724,Product 724,A high-performance smartphone with a large screen and fast processor.
725,Product 725,A lightweight laptop suitable for productivity and entertainment.
726,Product 726,A high-performance smartphone with a large screen and fast processor.
727,Product 727,A lightweight laptop suitable for productivity and entertainment.
728,Product 728,A high-performance smartphone with a large screen and fast processor.
729,Product 729,A lightweight laptop suitable for productivity and entertainment.
730,Product 730,A high-performance smartphone with a large screen and fast processor.
731,Product 731,A lightweight laptop suitable for productivity and entertainment.
732,Product 732,A high-performance smartphone with a large screen and fast processor.
733,Product 733,A lightweight laptop suitable for productivity and entertainment.
734,Product 734,A high-performance smartphone with a large screen and fast processor.
735,Product 735,A lightweight laptop suitable for productivity and entertainment.
736,Product 736,A high-performance smartphone with a large screen and fast processor.
737,Product 737,A lightweight laptop suitable for productivity and entertainment.
738,Product 738,A high-performance smartphone with a large screen and fast processor.
739,Product 739,A lightweight laptop suitable for productivity and entertainment.
740,Product 740,A high-performance smartphone with a large screen and fast processor.
741,Product 741,A lightweight laptop suitable for productivity and entertainment.
742,Product 742,A high-performance smartphone with a large screen and fast processor.
743,Product 743,A lightweight laptop suitable for productivity and entertainment.
744,Product 744,A high-performance smartphone with a large screen and fast processor.
745,Product 745,A lightweight laptop suitable for productivity and entertainment.
746,Product 746,A high-performance smartphone with a large screen and fast processor.
747,Product 747,A lightweight laptop suitable for productivity and entertainment.
748,Product 748,A high-performance smartphone with a large screen and fast processor.
749,Product 749,A lightweight laptop suitable for productivity and entertainment.
750,Product 750,A high-performance smartphone with a large screen and fast processor.
751,Product 751,A lightweight laptop suitable for productivity and entertainment.
752,Product 752,A high-performance smartphone with a large screen and fast processor.
753,Product 753,A lightweight laptop suitable for productivity and entertainment.
754,Product 754,A high-performance smartphone with a large screen and fast processor.
755,Product 755,A lightweight laptop suitable for productivity and entertainment.
756,Product 756,A high-performance smartphone with a large screen and fast processor.
757,Product 757,A lightweight laptop suitable for productivity and entertainment.
758,Product 758,A high-performance smartphone with a large screen and fast processor.
759,Product 759,A lightweight laptop suitable for productivity and entertainment.
760,Product 760,A high-performance smartphone with a large screen and fast processor.
761,Product 761,A lightweight laptop suitable for productivity and entertainment.
762,Product 762,A high-performance smartphone with a large screen and fast processor.
763,Product 763,A lightweight laptop suitable for productivity and entertainment.
764,Product 764,A high-performance smartphone with a large screen and fast processor.
765,Product 765,A lightweight laptop suitable for productivity and entertainment.
766,Product 766,A high-performance smartphone with a large screen and fast processor.
767,Product 767,A lightweight laptop suitable for productivity and entertainment.
768,Product 768,A high-performance smartphone with a large screen and fast processor.
769,Product 769,A lightweight laptop suitable for productivity and entertainment.
770,Product 770,A high-performance smartphone with a large screen and fast processor.
771,Product 771,A lightweight laptop suitable for productivity and entertainment.
772,Product 772,A high-performance smartphone with a large screen and fast processor.
773,Product 773,A lightweight laptop suitable for productivity and entertainment.
774,Product 774,A high-performance smartphone with a large screen and fast processor.
775,Product 775,A lightweight laptop suitable for productivity and entertainment.
776,Product 776,A high-performance smartphone with a large screen and fast processor.
777,Product 777,A lightweight laptop suitable for productivity and entertainment.
778,Product 778,A high-performance smartphone with a large screen and fast processor.
779,Product 779,A lightweight laptop suitable for productivity and entertainment.
780,Product 780,A high-performance smartphone with a large screen and fast processor.
781,Product 781,A lightweight laptop suitable for productivity and entertainment.
782,Product 782,A high-performance smartphone with a large screen and fast processor.
783,Product 783,A lightweight laptop suitable for productivity and entertainment.
784,Product 784,A high-performance smartphone with a large screen and fast processor.
785,Product 785,A lightweight laptop suitable for productivity and entertainment.
786,Product 786,A high-performance smartphone with a large screen and fast processor.
787,Product 787,A lightweight laptop suitable for productivity and entertainment.
788,Product 788,A high-performance smartphone with a large screen and fast processor.
789,Product 789,A lightweight laptop suitable for productivity and entertainment.
790,Product 790,A high-performance smartphone with a large screen and fast processor.
791,Product 791,A lightweight laptop suitable for productivity and entertainment.
792,Product 792,A high-performance smartphone with a large screen and fast processor.
793,Product 793,A lightweight laptop suitable for productivity and entertainment.
794,Product 794,A high-performance smartphone with a large screen and fast processor.
795,Product 795,A lightweight laptop suitable for productivity and entertainment.
796,Product 796,A high-performance smartphone with a large screen and fast processor.
797,Product 797,A lightweight laptop suitable for productivity and entertainment.
798,Product 798,A high-performance smartphone with a large screen and fast processor.
799,Product 799,A lightweight laptop suitable for productivity and entertainment.
800,Product 800,A high-performance smartphone with a large screen and fast processor.
801,Product 801,A lightweight laptop suitable for productivity and entertainment.
802,Product 802,A high-performance smartphone with a large screen and fast processor.
803,Product 803,A lightweight laptop suitable for productivity and entertainment.
804,Product 804,A high-performance smartphone with a large screen and fast processor.
805,Product 805,A lightweight laptop suitable for productivity and entertainment.
806,Product 806,A high-performance smartphone with a large screen and fast processor.
807,Product 807,A lightweight laptop suitable for productivity and entertainment.
808,Product 808,A high-performance smartphone with a large screen and fast processor.
809,Product 809,A lightweight laptop suitable for productivity and entertainment.
810,Product 810,A high-performance smartphone with a large screen and fast processor.
811,Product 811,A lightweight laptop suitable for productivity and entertainment.
812,Product 812,A high-performance smartphone with a large screen and fast processor.
813,Product 813,A lightweight laptop suitable for productivity and entertainment.
814,Product 814,A high-performance smartphone with a large screen and fast processor.
815,Product 815,A lightweight laptop suitable for productivity and entertainment.
816,Product 816,A high-performance smartphone with a large screen and fast processor.
817,Product 817,A lightweight laptop suitable for productivity and entertainment.
818,Product 818,A high-performance smartphone with a large screen and fast processor.
819,Product 819,A lightweight laptop suitable for productivity and entertainment.
820,Product 820,A high-performance smartphone with a large screen and fast processor.
821,Product 821,A lightweight laptop suitable for productivity and entertainment.
822,Product 822,A high-performance smartphone with a large screen and fast processor.
823,Product 823,A lightweight laptop suitable for productivity and entertainment.
824,Product 824,A high-performance smartphone with a large screen and fast processor.
825,Product 825,A lightweight laptop suitable for productivity and entertainment.
826,Product 826,A high-performance smartphone with a large screen and fast processor.
827,Product 827,A lightweight laptop suitable for productivity and entertainment.
828,Product 828,A high-performance smartphone with a large screen and fast processor.
829,Product 829,A lightweight laptop suitable for productivity and entertainment.
830,Product 830,A high-performance smartphone with a large screen and fast processor.
831,Product 831,A lightweight laptop suitable for productivity and entertainment.
832,Product 832,A high-performance smartphone with a large screen and fast processor.
833,Product 833,A lightweight laptop suitable for productivity and entertainment.
834,Product 834,A high-performance smartphone with a large screen and fast processor.
835,Product 835,A lightweight laptop suitable for productivity and entertainment.
836,Product 836,A high-performance smartphone with a large screen and fast processor.
837,Product 837,A lightweight laptop suitable for productivity and entertainment.
838,Product 838,A high-performance smartphone with a large screen and fast processor.
839,Product 839,A lightweight laptop suitable for productivity and entertainment.
840,Product 840,A high-performance smartphone with a large screen and fast processor.
841,Product 841,A lightweight laptop suitable for productivity and entertainment.
842,Product 842,A high-performance smartphone with a large screen and fast processor.
843,Product 843,A lightweight laptop suitable for productivity and entertainment.
844,Product 844,A high-performance smartphone with a large screen and fast processor.
845,Product 845,A lightweight laptop suitable for productivity and entertainment.
846,Product 846,A high-performance smartphone with a large screen and fast processor.
847,Product 847,A lightweight laptop suitable for productivity and entertainment.
848,Product 848,A high-performance smartphone with a large screen and fast processor.
849,Product 849,A lightweight laptop suitable for productivity and entertainment.
850,Product 850,A high-performance smartphone with a large screen and fast processor.
851,Product 851,A lightweight laptop suitable for productivity and entertainment.
852,Product 852,A high-performance smartphone with a large screen and fast processor.
853,Product 853,A lightweight laptop suitable for productivity and entertainment.
854,Product 854,A high-performance smartphone with a large screen and fast processor.
855,Product 855,A lightweight laptop suitable for productivity and entertainment.
856,Product 856,A high-performance smartphone with a large screen and fast processor.
857,Product 857,A lightweight laptop suitable for productivity and entertainment.
858,Product 858,A high-performance smartphone with a large screen and fast processor.
859,Product 859,A lightweight laptop suitable for productivity and entertainment.
860,Product 860,A high-performance smartphone with a large screen and fast processor.
861,Product 861,A lightweight laptop suitable for productivity and entertainment.
862,Product 862,A high-performance smartphone with a large screen and fast processor.
863,Product 863,A lightweight laptop suitable for productivity and entertainment.
864,Product 864,A high-performance smartphone with a large screen and fast processor.
865,Product 865,A lightweight laptop suitable for productivity and entertainment.
866,Product 866,A high-performance smartphone with a large screen and fast processor.
867,Product 867,A lightweight laptop suitable for productivity and entertainment.
868,Product 868,A high-performance smartphone with a large screen and fast processor.
869,Product 869,A lightweight laptop suitable for productivity and entertainment.
870,Product 870,A high-performance smartphone with a large screen and fast processor.
871,Product 871,A lightweight laptop suitable for productivity and entertainment.
872,Product 872,A high-performance smartphone with a large screen and fast processor.
873,Product 873,A lightweight laptop suitable for productivity and entertainment.
874,Product 874,A high-performance smartphone with a large screen and fast processor.
875,Product 875,A lightweight laptop suitable for productivity and entertainment.
876,Product 876,A high-performance smartphone with a large screen and fast processor.
877,Product 877,A lightweight laptop suitable for productivity and entertainment.
878,Product 878,A high-performance smartphone with a large screen and fast processor.
879,Product 879,A lightweight laptop suitable for productivity and entertainment.
880,Product 880,A high-performance smartphone with a large screen and fast processor.
881,Product 881,A lightweight laptop suitable for productivity and entertainment.
882,Product 882,A high-performance smartphone with a large screen and fast processor.
883,Product 883,A lightweight laptop suitable for productivity and entertainment.
884,Product 884,A high-performance smartphone with a large screen and fast processor.
885,Product 885,A lightweight laptop suitable for productivity and entertainment.
886,Product 886,A high-performance smartphone with a large screen and fast processor.
887,Product 887,A lightweight laptop suitable for productivity and entertainment.
888,Product 888,A high-performance smartphone with a large screen and fast processor.
889,Product 889,A lightweight laptop suitable for productivity and entertainment.
890,Product 890,A high-performance smartphone with a large screen and fast processor.
891,Product 891,A lightweight laptop suitable for productivity and entertainment.
892,Product 892,A high-performance smartphone with a large screen and fast processor.
893,Product 893,A lightweight laptop suitable for productivity and entertainment.
894,Product 894,A high-performance smartphone with a large screen and fast processor.
895,Product 895,A lightweight laptop suitable for productivity and entertainment.
896,Product 896,A high-performance smartphone with a large screen and fast processor.
897,Product 897,A lightweight laptop suitable for productivity and entertainment.
898,Product 898,A high-performance smartphone with a large screen and fast processor.
899,Product 899,A lightweight laptop suitable for productivity and entertainment.
900,Product 900,A high-performance smartphone with a large screen and fast processor.
901,Product 901,A lightweight laptop suitable for productivity and entertainment.
902,Product 902,A high-performance smartphone with a large screen and fast processor.
903,Product 903,A lightweight laptop suitable for productivity and entertainment.
904,Product 904,A high-performance smartphone with a large screen and fast processor.
905,Product 905,A lightweight laptop suitable for productivity and entertainment.
906,Product 906,A high-performance smartphone with a large screen and fast processor.
907,Product 907,A lightweight laptop suitable for productivity and entertainment.
908,Product 908,A high-performance smartphone with a large screen and fast processor.
909,Product 909,A lightweight laptop suitable for productivity and entertainment.
910,Product 910,A high-performance smartphone with a large screen and fast processor.
911,Product 911,A lightweight laptop suitable for productivity and entertainment.
912,Product 912,A high-performance smartphone with a large screen and fast processor.
913,Product 913,A lightweight laptop suitable for productivity and entertainment.
914,Product 914,A high-performance smartphone with a large screen and fast processor.
915,Product 915,A lightweight laptop suitable for productivity and entertainment.
916,Product 916,A high-performance smartphone with a large screen and fast processor.
917,Product 917,A lightweight laptop suitable for productivity and entertainment.
918,Product 918,A high-performance smartphone with a large screen and fast processor.
919,Product 919,A lightweight laptop suitable for productivity and entertainment.
920,Product 920,A high-performance smartphone with a large screen and fast processor.
921,Product 921,A lightweight laptop suitable for productivity and entertainment.
922,Product 922,A high-performance smartphone with a large screen and fast processor.
923,Product 923,A lightweight laptop suitable for productivity and entertainment.
924,Product 924,A high-performance smartphone with a large screen and fast processor.
925,Product 925,A lightweight laptop suitable for productivity and entertainment.
926,Product 926,A high-performance smartphone with a large screen and fast processor.
927,Product 927,A lightweight laptop suitable for productivity and entertainment.
928,Product 928,A high-performance smartphone with a large screen and fast processor.
929,Product 929,A lightweight laptop suitable for productivity and entertainment.
930,Product 930,A high-performance smartphone with a large screen and fast processor.
931,Product 931,A lightweight laptop suitable for productivity and entertainment.
932,Product 932,A high-performance smartphone with a large screen and fast processor.
933,Product 933,A lightweight laptop suitable for productivity and entertainment.
934,Product 934,A high-performance smartphone with a large screen and fast processor.
935,Product 935,A lightweight laptop suitable for productivity and entertainment.
936,Product 936,A high-performance smartphone with a large screen and fast processor.
937,Product 937,A lightweight laptop suitable for productivity and entertainment.
938,Product 938,A high-performance smartphone with a large screen and fast processor.
939,Product 939,A lightweight laptop suitable for productivity and entertainment.
940,Product 940,A high-performance smartphone with a large screen and fast processor.
941,Product 941,A lightweight laptop suitable for productivity and entertainment.
942,Product 942,A high-performance smartphone with a large screen and fast processor.
943,Product 943,A lightweight laptop suitable for productivity and entertainment.
944,Product 944,A high-performance smartphone with a large screen and fast processor.
945,Product 945,A lightweight laptop suitable for productivity and entertainment.
946,Product 946,A high-performance smartphone with a large screen and fast processor.
947,Product 947,A lightweight laptop suitable for productivity and entertainment.
948,Product 948,A high-performance smartphone with a large screen and fast processor.
949,Product 949,A lightweight laptop suitable for productivity and entertainment.
950,Product 950,A high-performance smartphone with a large screen and fast processor.
951,Product 951,A lightweight laptop suitable for productivity and entertainment.
952,Product 952,A high-performance smartphone with a large screen and fast processor.
953,Product 953,A lightweight laptop suitable for productivity and entertainment.
954,Product 954,A high-performance smartphone with a large screen and fast processor.
955,Product 955,A lightweight laptop suitable for productivity and entertainment.
956,Product 956,A high-performance smartphone with a large screen and fast processor.
957,Product 957,A lightweight laptop suitable for productivity and entertainment.
958,Product 958,A high-performance smartphone with a large screen and fast processor.
959,Product 959,A lightweight laptop suitable for productivity and entertainment.
960,Product 960,A high-performance smartphone with a large screen and fast processor.
961,Product 961,A lightweight laptop suitable for productivity and entertainment.
962,Product 962,A high-performance smartphone with a large screen and fast processor.
963,Product 963,A lightweight laptop suitable for productivity and entertainment.
964,Product 964,A high-performance smartphone with a large screen and fast processor.
965,Product 965,A lightweight laptop suitable for productivity and entertainment.
966,Product 966,A high-performance smartphone with a large screen and fast processor.
967,Product 967,A lightweight laptop suitable for productivity and entertainment.
968,Product 968,A high-performance smartphone with a large screen and fast processor.
969,Product 969,A lightweight laptop suitable for productivity and entertainment.
970,Product 970,A high-performance smartphone with a large screen and fast processor.
971,Product 971,A lightweight laptop suitable for productivity and entertainment.
972,Product 972,A high-performance smartphone with a large screen and fast processor.
973,Product 973,A lightweight laptop suitable for productivity and entertainment.
974,Product 974,A high-performance smartphone with a large screen and fast processor.
975,Product 975,A lightweight laptop suitable for productivity and entertainment.
976,Product 976,A high-performance smartphone with a large screen and fast processor.
977,Product 977,A lightweight laptop suitable for productivity and entertainment.
978,Product 978,A high-performance smartphone with a large screen and fast processor.
979,Product 979,A lightweight laptop suitable for productivity and entertainment.
980,Product 980,A high-performance smartphone with a large screen and fast processor.
981,Product 981,A lightweight laptop suitable for productivity and entertainment.
982,Product 982,A high-performance smartphone with a large screen and fast processor.
983,Product 983,A lightweight laptop suitable for productivity and entertainment.
984,Product 984,A high-performance smartphone with a large screen and fast processor.
985,Product 985,A lightweight laptop suitable for productivity and entertainment.
986,Product 986,A high-performance smartphone with a large screen and fast processor.
987,Product 987,A lightweight laptop suitable for productivity and entertainment.
988,Product 988,A high-performance smartphone with a large screen and fast processor.
989,Product 989,A lightweight laptop suitable for productivity and entertainment.
990,Product 990,A high-performance smartphone with a large screen and fast processor.
991,Product 991,A lightweight laptop suitable for productivity and entertainment.
992,Product 992,A high-performance smartphone with a large screen and fast processor.
993,Product 993,A lightweight laptop suitable for productivity and entertainment.
994,Product 994,A high-performance smartphone with a large screen and fast processor.
995,Product 995,A lightweight laptop suitable for productivity and entertainment.
996,Product 996,A high-performance smartphone with a large screen and fast processor.
997,Product 997,A lightweight laptop suitable for productivity and entertainment.
998,Product 998,A high-performance smartphone with a large screen and fast processor.
999,Product 999,A lightweight laptop suitable for productivity and entertainment.
1000,Product 1000,A high-performance smartphone with a large screen and fast processor.
